dataset,knnacc,knnbac,gnbacc,gnbbac,dtcacc,dtcbac,mlpacc,mlpbac,svcacc,svcbac
balance,0.89546666666666663,0.77084490911119519,0.89973333333333338,0.76598827037142214,0.82586666666666664,0.718971636459242,0.7533333333333333,0.64032021932943295,0.92000000000000015,0.78139904251186432
ionosphere,0.79918403660396553,0.72865060898656797,0.89032536858159639,0.8622807757024219,0.866797153024911,0.85272916476673744,0.73079816980172851,0.63831800300663333,0.71655312658871373,0.6082625074927851
syntetic10f,0.93249999999999988,0.71710371082629831,0.90850000000000009,0.83878046712821308,0.90749999999999997,0.78877405386580268,0.93574999999999997,0.78610011006929725,0.89300000000000002,0.5
syntetic20f,0.89400000000000013,0.55638850227873982,0.90075000000000005,0.77645914601462462,0.88650000000000007,0.6792847289231716,0.88175000000000003,0.6900081507122694,0.89499999999999991,0.5
syntetic50f,0.90049999999999986,0.54584689505795192,0.92375000000000007,0.7894856339955727,0.92925000000000002,0.81228364087222094,0.89499999999999991,0.5,0.89499999999999991,0.5
syntetic5f,0.97875000000000001,0.91930964909768242,0.96675,0.94540263165956195,0.97249999999999992,0.92113309715557479,0.97424999999999995,0.928230679262674,0.94199999999999995,0.72170797031507961
wisconsin,0.95529580884232046,0.94785870209566347,0.95385829286992085,0.95867637232378422,0.91845962177357521,0.90641136563296387,0.6566528239202658,0.5,0.95601009455660613,0.94991032156296629
yeast3,0.94187820354627438,0.80218711095033179,0.22436921872473686,0.55820055457279405,0.93547834423992815,0.83649109891428175,0.94171112983244409,0.84018040736395161,0.89016052124729461,0.5
